Country_code_A3,Name,Substance,2005,2006,2007,2008,2009,2010,2011,2012,2013,2014,2015,2016,2017,2018
ALB,Albania,NH3,0.972408135,0.972591442,0.965733967,0.97357515,0.973120741,0.973152869,0.972209092,0.972448622,0.974602138,0.976787702,0.975257895,0.972802399,0.973961535,0.975885637
ALB,Albania,NOx,0.177283447,0.210025628,0.197967778,0.190790637,0.231666906,0.257609844,0.255745021,0.237158264,0.216637332,0.237482121,0.240657406,0.220347779,0.256062379,0.307665175
ALB,Albania,NMVOC,0.20499155,0.206029625,0.207713909,0.241471768,0.240898932,0.242624932,0.253041109,0.24425966,0.236929336,0.26784224,0.262496967,0.247464184,0.260756936,0.275843326
ALB,Albania,SO2,0.211687781,0.24848746,0.310208521,0.286117823,0.28197646,0.434696124,0.353987988,0.358797872,0.290117096,0.321161582,0.348784814,0.316748449,0.410448432,0.448019308
ALB,Albania,PM2.5,0.160040011,0.172204416,0.107964115,0.180312828,0.213375383,0.239927804,0.229673525,0.187381673,0.231527464,0.247881132,0.234930131,0.230604622,0.234313297,0.304682758
ALB,Albania,PM10,0.172862313,0.177788976,0.136843867,0.206825028,0.226763772,0.245868101,0.240928204,0.194965835,0.225659144,0.246128002,0.224270897,0.212411617,0.223144319,0.268828808
ALB,Albania,OC,0.137693641,0.142836755,0.082937105,0.162793766,0.166782045,0.187765887,0.170253011,0.151921273,0.212852737,0.219424739,0.202473144,0.21987016,0.19270286,0.238399764
ALB,Albania,CO,0.092043016,0.09283955,0.075177279,0.114345012,0.128872713,0.134410055,0.15413802,0.135520166,0.152234607,0.160384228,0.162113034,0.150767985,0.172751808,0.226310553
ALB,Albania,BC,0.111262814,0.118189125,0.10092135,0.123629701,0.12273564,0.139231034,0.160641425,0.147728297,0.15281304,0.159504883,0.157089033,0.1546733,0.162082956,0.191450503
ARM,Armenia,NH3,0.980756443,0.976457077,0.974139999,0.968921224,0.971132039,0.953561335,0.964240276,0.964106716,0.966902777,0.962232981,0.926587488,0.906578505,0.895629585,0.900971403
ARM,Armenia,PM10,0.422791195,0.272902029,0.450379399,0.370818606,0.498107839,0.172590692,0.458875046,0.429957692,0.432168228,0.352484045,0.193114046,0.159230674,0.115694338,0.123132136
ARM,Armenia,PM2.5,0.433691496,0.227760949,0.523851512,0.399875645,0.556692258,0.134043628,0.500866973,0.446061564,0.439126934,0.382228829,0.205447677,0.167818741,0.108046125,0.119009874
ARM,Armenia,OC,0.476596253,0.178390853,0.594461274,0.44908552,0.630105559,0.125969262,0.58106197,0.466464505,0.5130595,0.430613505,0.20812501,0.164940377,0.09236186,0.103302346
ARM,Armenia,BC,0.423056756,0.216386161,0.514959856,0.419402148,0.515960909,0.170808992,0.506236263,0.472130979,0.472489891,0.251217765,0.153961206,0.1235942,0.076316773,0.088525456
ARM,Armenia,NMVOC,0.21413411,0.213305811,0.218356723,0.213543322,0.213101541,0.201242825,0.210320389,0.217342805,0.2251409,0.231172253,0.20731724,0.195218246,0.181881397,0.182948917
ARM,Armenia,CO,0.247501164,0.159508337,0.262830286,0.229668954,0.257869379,0.132914347,0.262980911,0.257129464,0.27202662,0.265017915,0.169641596,0.141918293,0.094591866,0.105368374
ARM,Armenia,NOx,0.161713267,0.136712261,0.129889207,0.127941274,0.134487708,0.128013449,0.131254769,0.128250582,0.134946097,0.182825486,0.199586934,0.208589879,0.19072879,0.18260996
ARM,Armenia,SO2,0.046221777,0.047319239,0.067449098,0.045604767,0.04404944,0.033508237,0.041157189,0.038529254,0.043160926,0.051641937,0.219761612,0.171702142,0.115139331,0.11220645
AUT,Austria,NH3,0.921901849,0.925830433,0.927768764,0.92829491,0.928857639,0.928923776,0.934083628,0.934875769,0.933410871,0.937724314,0.937979378,0.937887314,0.936659266,0.93663025
AUT,Austria,PM10,0.201511595,0.220591869,0.21724148,0.217205311,0.220318073,0.21359515,0.219184826,0.211907218,0.207650185,0.215698753,0.221737186,0.229173479,0.225880966,0.232549332
AUT,Austria,NMVOC,0.199538191,0.205117607,0.208437623,0.214841063,0.219414294,0.219356591,0.225116009,0.217413614,0.214050897,0.218626104,0.22122348,0.223911491,0.222967759,0.224353741
AUT,Austria,SO2,0.211182395,0.224113673,0.236760396,0.231685931,0.238842217,0.236253249,0.240428346,0.238522467,0.243341053,0.248909497,0.255551979,0.271028447,0.268426144,0.281682148
AUT,Austria,PM2.5,0.179022151,0.191597204,0.192477861,0.19422165,0.196219096,0.189554825,0.198189118,0.189331154,0.187042677,0.198629036,0.201842803,0.214420321,0.208597592,0.211459612
AUT,Austria,NOx,0.142890499,0.147624087,0.150876729,0.154026816,0.156425618,0.158635511,0.165405029,0.163610442,0.163666925,0.171057096,0.173257108,0.176852511,0.17433502,0.17570679
AUT,Austria,BC,0.143199153,0.151275346,0.154363146,0.157600752,0.157049412,0.155616402,0.162231094,0.155020381,0.155469247,0.164953348,0.163790655,0.173336842,0.170844078,0.173786105
AUT,Austria,OC,0.149563412,0.160441265,0.172795011,0.185549168,0.178212762,0.169006177,0.189578056,0.173666701,0.166939304,0.189991319,0.181581051,0.194568707,0.181844114,0.178471808
AUT,Austria,CO,0.080763897,0.085950033,0.088024534,0.089362215,0.093022488,0.084830258,0.088724554,0.084469196,0.085641607,0.089454128,0.08863195,0.09294683,0.088398078,0.092482851
AZE,Azerbaijan,NH3,0.982796178,0.978301612,0.97491944,0.976992995,0.98072977,0.973895038,0.974653173,0.974067046,0.973674351,0.973439797,0.970399615,0.978988906,0.976485964,0.978450924
AZE,Azerbaijan,PM10,0.397930415,0.286802677,0.326747463,0.390737135,0.494163567,0.292586408,0.36717946,0.365984115,0.377078067,0.371548336,0.320599782,0.47968167,0.381532827,0.41355248
AZE,Azerbaijan,OC,0.523812675,0.340176551,0.383446908,0.494262361,0.621518661,0.289030695,0.431066568,0.456414546,0.497522462,0.468510186,0.371735722,0.616191639,0.433357426,0.518388274
AZE,Azerbaijan,PM2.5,0.385116152,0.260837519,0.326070528,0.402918705,0.525859113,0.265824362,0.364361288,0.374926043,0.402415895,0.389108335,0.305364565,0.490563813,0.365235297,0.421393222
AZE,Azerbaijan,NMVOC,0.227783243,0.192255815,0.211889567,0.230488453,0.267432034,0.260708431,0.249949271,0.247993035,0.245147799,0.248314429,0.249986902,0.257309187,0.256947272,0.259779782
AZE,Azerbaijan,BC,0.250855855,0.202976866,0.246361297,0.266448658,0.362113145,0.221896798,0.2475989,0.255773657,0.258919367,0.243349152,0.252867999,0.332670321,0.276618783,0.309998754
AZE,Azerbaijan,CO,0.249267175,0.195064814,0.217903848,0.250029925,0.306795207,0.200190372,0.237376568,0.242301577,0.252239159,0.231644617,0.220919586,0.294496886,0.256373714,0.288155833
AZE,Azerbaijan,NOx,0.13551806,0.130124969,0.15783188,0.167530042,0.190687446,0.174835666,0.173899258,0.175573664,0.175277337,0.175455045,0.173219808,0.175983636,0.169854522,0.173835008
AZE,Azerbaijan,SO2,0.067086997,0.060029305,0.093133427,0.123545374,0.213402096,0.301916093,0.193068418,0.18193609,0.262790789,0.251671358,0.111676875,0.103711212,0.115597637,0.116405048
BEL,Belgium,NH3,0.951522166,0.953828743,0.954678251,0.952420167,0.953540155,0.955336691,0.957278398,0.958654387,0.958507126,0.960666203,0.95860509,0.955967324,0.955768023,0.957643303
BEL,Belgium,PM10,0.260051784,0.265404335,0.261809317,0.265226178,0.278136668,0.27485935,0.299690625,0.303704948,0.289560296,0.305114576,0.299129996,0.276921537,0.278192345,0.281685336
BEL,Belgium,PM2.5,0.217050283,0.22902212,0.223693871,0.230143206,0.242406086,0.241275325,0.259920896,0.262927181,0.246427457,0.267558169,0.258428857,0.239764968,0.2420961,0.240024943
BEL,Belgium,NMVOC,0.182638699,0.185508134,0.181434593,0.180456335,0.181192261,0.182866677,0.191330705,0.199761856,0.198385242,0.196603119,0.191572458,0.184526236,0.18349702,0.188092726
BEL,Belgium,NOx,0.142224923,0.147831791,0.148943916,0.149988351,0.153261209,0.153494358,0.161420784,0.161990055,0.160759451,0.167800559,0.166149576,0.164964273,0.16773215,0.167697978
BEL,Belgium,BC,0.137684902,0.142053049,0.143392047,0.144462472,0.143404252,0.158058197,0.167308047,0.166752555,0.161546804,0.176717909,0.169520392,0.160100276,0.165977488,0.164270713
BEL,Belgium,OC,0.186972877,0.19106446,0.190385292,0.1924099,0.186020256,0.177247,0.184045556,0.177240205,0.165083786,0.192383111,0.178034351,0.15399449,0.168617302,0.162396943
BEL,Belgium,SO2,0.153231953,0.172273671,0.18383557,0.175296717,0.173468517,0.171840808,0.184466479,0.177913232,0.155831765,0.176622804,0.166025384,0.162828048,0.162609576,0.162055369
BEL,Belgium,CO,0.081164424,0.082378457,0.08738202,0.086069095,0.102943356,0.098312497,0.101353308,0.099861673,0.093656198,0.108012625,0.103001777,0.091542237,0.093350236,0.091478475
BGR,Bulgaria,NH3,0.843859753,0.821893586,0.826354066,0.817099013,0.820954375,0.787533193,0.797290847,0.815216828,0.830804731,0.848153173,0.839310592,0.854466634,0.855297298,0.853911997
BGR,Bulgaria,OC,0.287316552,0.270922227,0.183540552,0.326277595,0.330372849,0.299725426,0.302417948,0.303639318,0.36290567,0.389630162,0.366629131,0.368344634,0.367218464,0.381220605
BGR,Bulgaria,PM2.5,0.213600105,0.196483008,0.157419893,0.229937183,0.233378721,0.233500095,0.232869731,0.231751131,0.272323559,0.28428516,0.28101133,0.280047234,0.276292582,0.285676797
BGR,Bulgaria,NMVOC,0.2010831,0.200837785,0.210577213,0.211069142,0.210824871,0.211610584,0.21178979,0.211650386,0.217184952,0.216642482,0.215719983,0.215004293,0.212545605,0.214396392
BGR,Bulgaria,BC,0.171518537,0.159103719,0.134760032,0.195358641,0.19022656,0.204634819,0.204653696,0.199972612,0.237048183,0.244339318,0.234171928,0.237144561,0.235435181,0.237675952
BGR,Bulgaria,PM10,0.177191682,0.162903901,0.139311163,0.178550092,0.181012193,0.178539265,0.174387696,0.173168365,0.201721496,0.209073872,0.209974666,0.207553326,0.20378576,0.210807988
BGR,Bulgaria,CO,0.170638494,0.153170805,0.129432575,0.203539017,0.207378756,0.201081981,0.203143241,0.205463742,0.248848312,0.258139636,0.249450232,0.250300446,0.256173401,0.255412664
BGR,Bulgaria,NOx,0.135193294,0.134311538,0.129618699,0.138783736,0.148171591,0.158108154,0.15424778,0.196031309,0.221979655,0.227528694,0.214282343,0.23112926,0.223051911,0.227873234
BGR,Bulgaria,SO2,0.076150115,0.073734398,0.074547185,0.07748352,0.074703874,0.076122579,0.070658605,0.072263807,0.076261238,0.072667588,0.071459855,0.072803368,0.072032463,0.072745002
BLR,Belarus,NH3,0.953056852,0.946840279,0.950432191,0.952021257,0.952540197,0.952519332,0.953509058,0.953782488,0.955908841,0.956232768,0.960068711,0.960411582,0.960067437,0.957232183
BLR,Belarus,PM10,0.24272571,0.205231038,0.257153054,0.271413489,0.279040521,0.270077428,0.282646519,0.274971235,0.301143891,0.28484805,0.328227736,0.350321788,0.350389596,0.268760774
BLR,Belarus,NMVOC,0.270509276,0.261670165,0.274568158,0.277399435,0.276332716,0.278155054,0.282007541,0.286387595,0.294691024,0.299653647,0.307841325,0.309522143,0.30872113,0.295966002
BLR,Belarus,PM2.5,0.257345966,0.208084887,0.273846131,0.291337087,0.293093081,0.276637226,0.290686228,0.274927767,0.304306319,0.280958487,0.321111769,0.342838899,0.350064096,0.252346129
BLR,Belarus,OC,0.267062487,0.18886097,0.298860456,0.32762895,0.3296577,0.297283458,0.322706155,0.275066308,0.320655288,0.25713453,0.328070394,0.359516498,0.388631237,0.207393609
BLR,Belarus,CO,0.232025547,0.198635353,0.241608801,0.262633021,0.259715152,0.234565328,0.249614242,0.252123363,0.256043118,0.263783697,0.279874914,0.279809246,0.287411059,0.222428003
BLR,Belarus,BC,0.185904927,0.165700254,0.191570271,0.207055236,0.207403949,0.193205407,0.198379554,0.202285815,0.2083147,0.228076706,0.244114154,0.233369533,0.235909478,0.194871445
BLR,Belarus,NOx,0.167439568,0.163324033,0.170997874,0.20036241,0.193879409,0.195303438,0.210159808,0.207907911,0.202297242,0.213083387,0.212236561,0.213865527,0.204091025,0.194212411
BLR,Belarus,SO2,0.120606275,0.118987792,0.172922593,0.157746111,0.09580738,0.164065384,0.18017623,0.194236356,0.253739654,0.269648046,0.266822994,0.24321256,0.269865831,0.265695712
CHE,Switzerland,NH3,0.89851508,0.901107645,0.902087257,0.903739774,0.902253414,0.905957007,0.91637687,0.917560479,0.921117054,0.928412981,0.932446587,0.931471192,0.93351178,0.934038363
CHE,Switzerland,PM10,0.183456393,0.190877667,0.194328517,0.172603004,0.162017461,0.158559403,0.168438554,0.158310849,0.153872466,0.167183427,0.160994906,0.156005482,0.16421348,0.164605985
CHE,Switzerland,PM2.5,0.148556782,0.160511788,0.165217329,0.145411732,0.134633709,0.131981852,0.142903468,0.133212859,0.130688715,0.145572965,0.136513342,0.132042981,0.141386129,0.141706696
CHE,Switzerland,NOx,0.136080594,0.138744762,0.140042462,0.136017192,0.138994415,0.138443509,0.143759297,0.135537231,0.135617565,0.141377723,0.139667488,0.135897862,0.140168569,0.140734434
CHE,Switzerland,NMVOC,0.152304724,0.15024981,0.162140305,0.16171616,0.144223808,0.140986597,0.152283367,0.152812354,0.152881406,0.159412825,0.14359216,0.141466179,0.141716213,0.140304496
CHE,Switzerland,BC,0.117396309,0.123594327,0.125470246,0.110244681,0.106703376,0.106227049,0.111906186,0.106339063,0.105285882,0.11012711,0.105456333,0.102311958,0.10794532,0.108013796
CHE,Switzerland,CO,0.098532409,0.102597361,0.102144623,0.087817659,0.081872972,0.077390689,0.081481429,0.077082143,0.073195457,0.081783836,0.077523149,0.074012178,0.077485893,0.076357607
CHE,Switzerland,SO2,0.116545995,0.137702306,0.142455242,0.131084578,0.12777648,0.126251889,0.131578843,0.122421937,0.120481215,0.138656618,0.129287947,0.125492699,0.129016902,0.127917535
CHE,Switzerland,OC,0.092582635,0.099442248,0.10014488,0.0729529,0.064487668,0.062771318,0.071190246,0.067576514,0.063222785,0.070968266,0.067709077,0.062185089,0.070684509,0.069635047
CYP,Cyprus,NH3,0.911186886,0.917846325,0.904283761,0.903619001,0.905838542,0.904604401,0.906155148,0.907404609,0.906588607,0.910841539,0.907736433,0.900532806,0.900505514,0.903337561
CYP,Cyprus,OC,0.291625892,0.31608719,0.264928508,0.177225314,0.260844788,0.285502408,0.302500226,0.304998825,0.284867261,0.231400374,0.38729745,0.197825641,0.267580255,0.274128083
CYP,Cyprus,PM2.5,0.289575533,0.3068648,0.289391983,0.270141561,0.292184349,0.300842414,0.273086635,0.268827857,0.294658412,0.333877412,0.369442593,0.295676243,0.331979516,0.347154493
CYP,Cyprus,PM10,0.283775957,0.295524621,0.271205527,0.260772795,0.289365305,0.30002884,0.280863477,0.280831872,0.304835207,0.345861557,0.358588275,0.289830643,0.303788105,0.312650997
CYP,Cyprus,BC,0.175167335,0.1880951,0.177845142,0.156841383,0.174500677,0.180853607,0.169162784,0.211678881,0.216931233,0.229908712,0.27875834,0.226172968,0.254547747,0.262149294
CYP,Cyprus,NMVOC,0.17573083,0.167013481,0.162908123,0.164892797,0.172015578,0.184111662,0.177396002,0.178441607,0.170153895,0.203734502,0.213408373,0.203002588,0.21680247,0.225006689
CYP,Cyprus,NOx,0.159303368,0.165528989,0.162380738,0.162427241,0.155421183,0.154793652,0.146687363,0.153315639,0.166536011,0.175994046,0.179958007,0.173735537,0.182186071,0.193706029
CYP,Cyprus,SO2,0.170888907,0.173301557,0.173946651,0.176543189,0.168737103,0.166604135,0.1490936,0.163081442,0.182895775,0.189956151,0.188152369,0.180699511,0.185568161,0.193751782
CYP,Cyprus,CO,0.145566077,0.152134955,0.143121853,0.129368257,0.141230748,0.152950257,0.150990735,0.149774151,0.141985198,0.129230544,0.18472367,0.130439746,0.165914745,0.181472273
DEU,Germany,NH3,0.933651875,0.932447507,0.935773502,0.936418906,0.932211859,0.935718546,0.936220564,0.93972577,0.941796336,0.944155462,0.945150746,0.944747266,0.942533986,0.941094865
DEU,Germany,PM10,0.277978898,0.270609522,0.276877277,0.275212225,0.287772841,0.266777224,0.271927175,0.28094574,0.291144876,0.292338648,0.281596469,0.280344427,0.285385383,0.283190573
DEU,Germany,PM2.5,0.240177747,0.232441481,0.239250826,0.232098468,0.24244579,0.220519666,0.225705242,0.23279027,0.240252399,0.251684566,0.234155024,0.229254377,0.2390081,0.233057395
DEU,Germany,NMVOC,0.198190354,0.204617772,0.206499797,0.217117316,0.217064201,0.212296168,0.215914913,0.220837692,0.228898109,0.225756751,0.223425528,0.225312927,0.22576839,0.226906448
DEU,Germany,NOx,0.158114187,0.156543817,0.16555431,0.163486017,0.167254245,0.167035823,0.169496991,0.169172569,0.16980404,0.177379625,0.174278098,0.17107365,0.170740882,0.168544434
DEU,Germany,OC,0.21422249,0.197317128,0.195283206,0.214901553,0.21291797,0.18433398,0.193946,0.198787925,0.200970491,0.219080443,0.19801135,0.189386557,0.18998135,0.171912617
DEU,Germany,BC,0.142937184,0.138434151,0.145770444,0.142333948,0.144640752,0.130719707,0.135140444,0.1388377,0.139338769,0.156824929,0.138365866,0.132993646,0.137985013,0.131258951
DEU,Germany,SO2,0.119027113,0.117805485,0.133731005,0.132859637,0.135862782,0.13089554,0.134627247,0.132022194,0.130684318,0.137771352,0.135268279,0.135467681,0.142623494,0.144159421
DEU,Germany,CO,0.096765442,0.09283947,0.092387232,0.092457079,0.095692002,0.083653695,0.084517876,0.084931128,0.086995698,0.091116382,0.081956852,0.07714414,0.079235495,0.074498359
DNK,Denmark,NH3,0.971849047,0.971325564,0.970760079,0.970584889,0.971943859,0.97218839,0.973628499,0.975892627,0.977226294,0.977274937,0.975992225,0.975199834,0.974137025,0.974015885
DNK,Denmark,OC,0.280566748,0.264091251,0.235582966,0.248284968,0.256546497,0.235802462,0.247507534,0.258046356,0.25498774,0.260490607,0.233746343,0.211715422,0.216328407,0.176604732
DNK,Denmark,PM10,0.281899685,0.268274306,0.249201901,0.250835263,0.260070578,0.250372717,0.259342315,0.26896707,0.266901099,0.266725954,0.238933374,0.228696897,0.231650787,0.217767894
DNK,Denmark,PM2.5,0.252992679,0.24159512,0.222179146,0.22616061,0.231356019,0.219831905,0.227031241,0.236386548,0.237081178,0.238835079,0.212354091,0.201164229,0.20197589,0.180577182
DNK,Denmark,BC,0.190845757,0.185690873,0.172223885,0.174111906,0.179641212,0.172646386,0.178924362,0.190107362,0.188918379,0.191286549,0.171817758,0.167528227,0.167993817,0.149136175
DNK,Denmark,NOx,0.19016656,0.190803191,0.199874529,0.198416614,0.201181602,0.204488349,0.214236316,0.223578401,0.222177299,0.235674249,0.2409899,0.236225869,0.235983289,0.230172421
DNK,Denmark,NMVOC,0.218699699,0.223030247,0.208897966,0.232375557,0.248719267,0.241885804,0.247184633,0.259250402,0.261314205,0.253721939,0.248274368,0.246050768,0.244811098,0.240675019
DNK,Denmark,SO2,0.206851747,0.211357451,0.220468091,0.206684652,0.193968032,0.209596557,0.223383324,0.223561013,0.204370525,0.229591738,0.226190334,0.219630127,0.229073028,0.22761368
DNK,Denmark,CO,0.137701628,0.13964174,0.128711361,0.13953214,0.143581598,0.137881449,0.140492043,0.155439557,0.152415666,0.159218077,0.148577833,0.13691105,0.135451188,0.116851984
ESP,Spain,NH3,0.969384372,0.969394868,0.970938738,0.970405668,0.970149476,0.970988042,0.969289243,0.97041259,0.971322626,0.972350849,0.970717725,0.970885503,0.970612448,0.97140182
ESP,Spain,PM10,0.215219542,0.228641023,0.243489456,0.255991147,0.24386351,0.25451933,0.280030242,0.253686635,0.296282094,0.293182197,0.292162815,0.304930491,0.278125368,0.310192079
ESP,Spain,PM2.5,0.148671936,0.159372797,0.176846336,0.183515728,0.16918862,0.179350757,0.217402041,0.188152141,0.229976753,0.223897329,0.218054538,0.233726849,0.20350024,0.237058875
ESP,Spain,BC,0.158857169,0.170765283,0.179592475,0.182257213,0.182329747,0.191277491,0.249850173,0.223012164,0.278604629,0.258119448,0.260981462,0.275493098,0.258291338,0.271409912
ESP,Spain,OC,0.109223597,0.120131967,0.152698992,0.162274415,0.130129634,0.146063542,0.152003231,0.123928748,0.170102157,0.155133211,0.147651131,0.160465054,0.117200992,0.171927014
ESP,Spain,SO2,0.161719409,0.173598274,0.181674792,0.197412243,0.205590955,0.217927983,0.216808115,0.187733748,0.223349019,0.22231976,0.232737831,0.24934506,0.229736051,0.236438339
ESP,Spain,NOx,0.154546572,0.15582571,0.161900836,0.159892444,0.161925378,0.167159607,0.178082921,0.174578158,0.194193543,0.195829071,0.193061677,0.196119833,0.190312001,0.192509132
ESP,Spain,NMVOC,0.160945612,0.169614611,0.174674013,0.177294335,0.181273655,0.182611367,0.189733751,0.191792105,0.202432398,0.201030215,0.205624383,0.209067068,0.206338732,0.212854903
ESP,Spain,CO,0.103631031,0.108059054,0.113985483,0.114695046,0.107128433,0.112338969,0.116148372,0.104463973,0.12013743,0.11099565,0.113244744,0.117884622,0.102993895,0.117618579
EST,Estonia,NH3,0.799456222,0.80093192,0.784252791,0.77876651,0.776153827,0.776019681,0.791237528,0.796823465,0.806561978,0.804175928,0.810063817,0.770603015,0.80265989,0.797353779
EST,Estonia,NMVOC,0.303875817,0.301088733,0.297071852,0.304555227,0.307707525,0.312648643,0.316877613,0.319322328,0.323847829,0.328892145,0.329542734,0.327429834,0.328106511,0.327977759
EST,Estonia,SO2,0.219701323,0.218928127,0.278487316,0.280550469,0.252965163,0.232674671,0.268870484,0.25302079,0.307965564,0.305743579,0.255282732,0.261841044,0.265841523,0.26628252
EST,Estonia,BC,0.165586897,0.162709567,0.172044152,0.163405127,0.138126053,0.121629682,0.156887324,0.14323713,0.156784506,0.158123736,0.155241409,0.126845478,0.147373256,0.131400538
EST,Estonia,NOx,0.12696153,0.134684167,0.145372874,0.146042451,0.145098423,0.138115673,0.147880049,0.153151881,0.176523451,0.170557094,0.174006595,0.166627655,0.178513386,0.18471852
EST,Estonia,PM2.5,0.130777065,0.138787488,0.147014338,0.139287571,0.126107894,0.105034474,0.124558877,0.126178534,0.147842298,0.15365433,0.158658849,0.128413364,0.147236749,0.127418537
EST,Estonia,PM10,0.103389007,0.113284594,0.108462168,0.104518469,0.097629302,0.084041335,0.099085772,0.096756677,0.113168398,0.118013886,0.122040886,0.097728036,0.110424911,0.097645828
EST,Estonia,OC,0.135581433,0.131559598,0.130337149,0.124712477,0.123312612,0.103828262,0.124962618,0.135679212,0.143414531,0.172920338,0.204904854,0.15397775,0.182233483,0.144520043
EST,Estonia,CO,0.115122851,0.118074868,0.117095913,0.114449987,0.109244142,0.091962291,0.10796552,0.114700037,0.124546718,0.144665326,0.162933352,0.12468946,0.143558237,0.119749265
FIN,Finland,NH3,0.877928175,0.870277898,0.872259749,0.863187221,0.869761868,0.865680367,0.866580322,0.866268075,0.872421892,0.870756693,0.875382019,0.871684498,0.8673277,0.867956044
FIN,Finland,SO2,0.213574404,0.218680936,0.222787299,0.23210518,0.225155403,0.235209808,0.248319722,0.260505228,0.268718578,0.280277876,0.284044239,0.28786626,0.293863587,0.29810341
FIN,Finland,BC,0.222872912,0.232263539,0.237503313,0.236285591,0.226099483,0.237588448,0.251312947,0.255484099,0.267737084,0.279965637,0.286954266,0.2883994,0.293801079,0.297218939
FIN,Finland,PM2.5,0.214911874,0.220554554,0.227425282,0.226086716,0.219181495,0.227197141,0.240241655,0.243946464,0.256661782,0.265249212,0.268700374,0.268533378,0.273421354,0.27367431
FIN,Finland,NOx,0.183860098,0.192108453,0.200868616,0.204296959,0.19703257,0.206326477,0.215103795,0.220469091,0.230269537,0.241212948,0.245530734,0.246116217,0.250037104,0.251878226
FIN,Finland,NMVOC,0.198596567,0.205254712,0.208570025,0.206413372,0.203182584,0.211662987,0.217901981,0.216597412,0.222444666,0.226532138,0.226407277,0.22875431,0.229409665,0.229146467
FIN,Finland,PM10,0.209844626,0.213285259,0.219803168,0.218253955,0.213351447,0.220919649,0.233044859,0.237821079,0.250862106,0.257998481,0.26184606,0.261691895,0.265583173,0.266116914
FIN,Finland,OC,0.191294959,0.189735859,0.198863604,0.191274672,0.188649057,0.186398289,0.198477593,0.203896339,0.222897343,0.22405162,0.22529436,0.223309098,0.226680695,0.223142339
FIN,Finland,CO,0.12236767,0.123817429,0.128508541,0.126954248,0.130410684,0.130948612,0.136530133,0.14399807,0.160798944,0.157804264,0.155789874,0.157283107,0.160082986,0.157554005
FRA,France,NH3,0.962773246,0.964754667,0.96647413,0.965489366,0.965330488,0.96586487,0.966896093,0.966470667,0.968025565,0.969518726,0.970285441,0.969100684,0.968631651,0.968811423
FRA,France,PM10,0.260182002,0.269143378,0.271272961,0.264577585,0.266054802,0.261756546,0.287562869,0.27295456,0.262612727,0.272610411,0.279151472,0.254650804,0.252944114,0.257986661
FRA,France,NOx,0.191608883,0.196142698,0.205569498,0.205712771,0.212328613,0.220313517,0.224408686,0.229498179,0.230536668,0.240042191,0.245717293,0.237906217,0.238813396,0.238209766
FRA,France,NMVOC,0.21920246,0.2229977,0.228218356,0.234967294,0.235606567,0.247028311,0.261145244,0.27212664,0.27065049,0.267071927,0.268411829,0.26238781,0.260435682,0.260987361
FRA,France,PM2.5,0.198982635,0.204409688,0.206541271,0.203914205,0.206997141,0.20022718,0.224964773,0.216810195,0.204099709,0.21654408,0.224596641,0.198526951,0.202518461,0.205668004
FRA,France,SO2,0.194921219,0.20197861,0.209226246,0.20353479,0.206968913,0.209819111,0.218202165,0.226665474,0.212242775,0.213535266,0.22816043,0.223842396,0.213239679,0.210530153
FRA,France,OC,0.170535194,0.184085158,0.183014974,0.189521902,0.185337483,0.174853667,0.199772441,0.177730225,0.178813596,0.200634869,0.204191654,0.163445116,0.17735377,0.183994585
FRA,France,BC,0.14097269,0.14124964,0.143558208,0.145520132,0.147806311,0.140912892,0.16804063,0.168460063,0.156996617,0.167063666,0.171890836,0.155327173,0.164047676,0.161273015
FRA,France,CO,0.103781651,0.105744843,0.104650634,0.10736926,0.110643492,0.103558667,0.113227211,0.10908751,0.100871222,0.11153341,0.114619106,0.095965376,0.106467497,0.104102231
GBR,United Kingdom,NH3,0.932044039,0.933976417,0.934332799,0.931974023,0.935323549,0.934292614,0.940987385,0.941198919,0.940331756,0.943449708,0.945061342,0.943788,0.943939981,0.943928509
GBR,United Kingdom,PM10,0.248240651,0.237013929,0.228059283,0.234147244,0.237816416,0.229282429,0.237395969,0.227710246,0.228859477,0.240382398,0.241497627,0.24125822,0.245467531,0.245688364
GBR,United Kingdom,OC,0.237977073,0.234883262,0.221869699,0.224987009,0.213945041,0.204141729,0.21747197,0.193051919,0.190353688,0.224572011,0.213889015,0.195680954,0.199128541,0.188602543
GBR,United Kingdom,PM2.5,0.184272629,0.17518328,0.172334661,0.179379187,0.180526725,0.1768328,0.183335421,0.176004497,0.178266046,0.191926479,0.195622433,0.19104498,0.19366299,0.190032701
GBR,United Kingdom,NMVOC,0.166987833,0.167864727,0.163273849,0.163241568,0.165498,0.171201124,0.17620059,0.176168292,0.181893774,0.184034281,0.182231423,0.183390081,0.184716256,0.18529104
GBR,United Kingdom,NOx,0.128376245,0.127211854,0.129160625,0.132593527,0.135869426,0.136774649,0.141235345,0.141918837,0.146695367,0.149948305,0.1488911,0.147641156,0.148094769,0.148052863
GBR,United Kingdom,BC,0.125191872,0.121445933,0.121332551,0.128754285,0.128940979,0.127584875,0.132178187,0.127645819,0.135266951,0.145840347,0.137126955,0.131410711,0.135199126,0.132165839
GBR,United Kingdom,CO,0.113959153,0.112901794,0.111588698,0.116563144,0.118870268,0.12097113,0.12363637,0.115794483,0.118897434,0.136015969,0.128590297,0.132288112,0.136614661,0.133726105
GBR,United Kingdom,SO2,0.088902304,0.085501977,0.086261499,0.087689916,0.087730902,0.093612881,0.094592805,0.093364953,0.09649012,0.096668494,0.10082031,0.102964756,0.101120884,0.101175065
GEO,Georgia,NH3,0.921834086,0.907233654,0.887296516,0.882587489,0.888668883,0.887828984,0.904564944,0.913336406,0.878610704,0.883132032,0.874921406,0.881734817,0.883252131,0.877179533
GEO,Georgia,NMVOC,0.216797551,0.205232962,0.176769729,0.176990042,0.176705736,0.174321404,0.189706592,0.19628674,0.186031089,0.195213915,0.183701706,0.187156794,0.18797244,0.186545799
GEO,Georgia,NOx,0.20332286,0.18125519,0.166285092,0.172360935,0.162645356,0.16136459,0.18967597,0.197484478,0.204280353,0.192014814,0.188685393,0.184261449,0.190768081,0.185424496
GEO,Georgia,SO2,0.191783841,0.258601487,0.316582488,0.219526367,0.085985216,0.069160628,0.279936837,0.313329575,0.25335494,0.236555066,0.241918326,0.217231394,0.220260618,0.223444844
GEO,Georgia,PM10,0.167504113,0.13133501,0.092714903,0.088950507,0.090752611,0.070659521,0.110030099,0.116353534,0.100831226,0.103751846,0.105042752,0.114222796,0.111992119,0.117381737
GEO,Georgia,PM2.5,0.160496551,0.119337938,0.099257635,0.092295042,0.090061033,0.061792565,0.121439858,0.130749944,0.123833948,0.123029839,0.120289065,0.128657,0.127067099,0.135217268
GEO,Georgia,OC,0.137651562,0.086434796,0.08192029,0.073574013,0.074731663,0.031004713,0.079728027,0.077015597,0.062666619,0.058655449,0.058714794,0.073396572,0.062393576,0.074024135
GEO,Georgia,BC,0.110549174,0.081143861,0.061166547,0.05932023,0.05666147,0.051477127,0.076131164,0.079795423,0.07720786,0.075085783,0.08062068,0.085947322,0.084491398,0.089047986
GEO,Georgia,CO,0.116152513,0.088539097,0.069173174,0.065577079,0.062554738,0.047777852,0.084407478,0.089702841,0.092206193,0.090145984,0.097147246,0.101189477,0.102279896,0.106910505
GRC,Greece,NH3,0.918257865,0.915981549,0.904062318,0.911763848,0.917138687,0.922630947,0.908168805,0.925108422,0.918026375,0.919431516,0.913967241,0.914823804,0.918878361,0.919169879
GRC,Greece,OC,0.329427822,0.291308074,0.150109997,0.322010084,0.335139872,0.337227485,0.26386367,0.246915302,0.298845576,0.281789794,0.2722274,0.234478994,0.238430545,0.23704602
GRC,Greece,PM2.5,0.260251497,0.239457385,0.18241682,0.266385063,0.248270215,0.266365899,0.245235477,0.224623572,0.242069573,0.24310229,0.237723135,0.217564314,0.218420965,0.21694268
GRC,Greece,PM10,0.265611097,0.247159927,0.189139846,0.271527636,0.258326644,0.275854111,0.253365735,0.235601919,0.256508826,0.261636612,0.258093895,0.242057041,0.244115029,0.245403438
GRC,Greece,BC,0.175912814,0.164971612,0.151683901,0.180709368,0.162101473,0.171249975,0.168789576,0.160124623,0.174096647,0.170991037,0.166402839,0.158472372,0.155029365,0.149617748
GRC,Greece,NOx,0.141882732,0.139631325,0.142050457,0.139436099,0.131328099,0.142133263,0.140505873,0.139875883,0.148514097,0.150333756,0.147832766,0.145068223,0.142684768,0.142363534
GRC,Greece,NMVOC,0.149354978,0.150161948,0.143053757,0.154070047,0.151195948,0.156602601,0.15342286,0.14634499,0.148954585,0.152139379,0.154442536,0.152760423,0.154129289,0.157977037
GRC,Greece,SO2,0.14091637,0.143038629,0.15047675,0.143623982,0.131897292,0.140305805,0.127804426,0.120082273,0.130424106,0.13102647,0.129747553,0.132654134,0.130230447,0.129905918
GRC,Greece,CO,0.132767629,0.129416153,0.113488712,0.138508523,0.141615427,0.144478965,0.137510832,0.130802756,0.144249708,0.141486861,0.144228954,0.13907972,0.136323425,0.131082823
HRV,Croatia,NH3,0.901464667,0.908047064,0.90391851,0.900699797,0.886298854,0.884028611,0.888448849,0.896503162,0.894692144,0.900157143,0.888292931,0.896544351,0.892950568,0.893201534
HRV,Croatia,NOx,0.197611814,0.198932363,0.192242276,0.200838038,0.189697634,0.198540599,0.19943102,0.209314479,0.213026813,0.220470588,0.217574932,0.225657203,0.215519863,0.220162704
HRV,Croatia,SO2,0.149401387,0.148621597,0.14784957,0.151489587,0.14348699,0.18032118,0.169688377,0.178882605,0.201490008,0.212564575,0.206010897,0.217214235,0.240269097,0.241703786
HRV,Croatia,OC,0.127528317,0.14544338,0.125718902,0.154536434,0.151852968,0.131528607,0.112518915,0.122365755,0.142512354,0.144225425,0.123066911,0.155333627,0.117534094,0.145193153
HRV,Croatia,PM2.5,0.124343577,0.134921545,0.124593316,0.14502652,0.139415751,0.127351471,0.114190901,0.118332163,0.129667654,0.134848128,0.118851696,0.136424897,0.115401733,0.134307334
HRV,Croatia,NMVOC,0.117764991,0.132157851,0.131784651,0.129813808,0.131519317,0.126274251,0.121786159,0.124674345,0.126655577,0.143871807,0.138216623,0.141874465,0.140560462,0.148997532
HRV,Croatia,PM10,0.093577037,0.103426491,0.097648372,0.108160151,0.103603229,0.095499603,0.086713532,0.088045431,0.093575645,0.102793245,0.091417352,0.102503727,0.091526567,0.102139364
HRV,Croatia,BC,0.09576578,0.101721918,0.09779439,0.111387211,0.103702958,0.094156743,0.090627469,0.091126782,0.09665198,0.100070454,0.090110538,0.103009663,0.092368966,0.100471263
HRV,Croatia,CO,0.093748655,0.105287449,0.098568744,0.108990355,0.104486837,0.095817346,0.092210894,0.093639749,0.09902315,0.099972402,0.09288527,0.109322072,0.092888605,0.10245793
HUN,Hungary,NH3,0.952286856,0.949999291,0.946369599,0.94916185,0.936051306,0.931060348,0.925976155,0.921757371,0.920045923,0.927771799,0.924887806,0.926761587,0.930134071,0.929876405
HUN,Hungary,OC,0.406316273,0.347465212,0.288631981,0.428859587,0.317820572,0.276378049,0.270384224,0.22145874,0.260408808,0.323197734,0.292990532,0.323404348,0.30422913,0.313727822
HUN,Hungary,PM2.5,0.323996842,0.29006883,0.243319529,0.334920358,0.260678498,0.230627816,0.226908142,0.189463035,0.215910561,0.265683321,0.241309053,0.266167554,0.25500329,0.261163844
HUN,Hungary,PM10,0.285158864,0.262667335,0.22763689,0.293966672,0.226607701,0.201719769,0.196107863,0.167235402,0.180083958,0.218327974,0.20273191,0.221306656,0.216296591,0.220865349
HUN,Hungary,BC,0.238377757,0.214469391,0.178528416,0.24731865,0.190766807,0.169405953,0.16658862,0.138679951,0.160157121,0.2017425,0.18084936,0.201340684,0.190975538,0.193254681
HUN,Hungary,NOx,0.191256588,0.190771097,0.183061754,0.191082901,0.191580807,0.194360589,0.198763358,0.199924489,0.22087349,0.232063586,0.22166124,0.229116122,0.225756694,0.225560547
HUN,Hungary,NMVOC,0.198035386,0.200198779,0.187910192,0.199722349,0.198794608,0.202160535,0.206270888,0.192217912,0.199105679,0.212379997,0.20814907,0.214214361,0.211400488,0.211862752
HUN,Hungary,CO,0.192882979,0.175640359,0.152645897,0.206864083,0.165213505,0.146887366,0.145970957,0.128225145,0.151593948,0.186216687,0.169653356,0.187383737,0.176264652,0.176154714
HUN,Hungary,SO2,0.119944411,0.120883558,0.118828762,0.124854508,0.118198082,0.120696779,0.112791281,0.102157702,0.123051484,0.128585435,0.132261903,0.137927178,0.143107908,0.150613087
IRL,Ireland,NH3,0.979214923,0.976455861,0.977055234,0.979750505,0.981874001,0.980851597,0.982345317,0.984072732,0.985343213,0.985260966,0.986320783,0.986984345,0.987403252,0.987215729
IRL,Ireland,NMVOC,0.288418586,0.27392863,0.274414099,0.293934636,0.30383658,0.288205814,0.298366848,0.310229714,0.318592916,0.319757284,0.321522252,0.326488483,0.329278077,0.331017929
IRL,Ireland,NOx,0.255361508,0.251847404,0.254327649,0.259829552,0.282462945,0.284953016,0.297267309,0.312039724,0.315799555,0.314646129,0.31963192,0.312950725,0.321536102,0.320245116
IRL,Ireland,PM10,0.283667128,0.283148108,0.278556023,0.284126465,0.281331415,0.276130523,0.288894516,0.300402293,0.297105156,0.311802056,0.310643913,0.316718878,0.325603599,0.338324768
IRL,Ireland,PM2.5,0.232800356,0.228948527,0.223628579,0.22877748,0.220791933,0.213585446,0.224785148,0.23325904,0.232747579,0.251277422,0.251633064,0.254319328,0.266497386,0.272883347
IRL,Ireland,BC,0.155165934,0.151838851,0.142071193,0.148630669,0.143308214,0.139188138,0.149981625,0.151624212,0.152685826,0.158431978,0.163246862,0.158699012,0.166151381,0.162088032
IRL,Ireland,SO2,0.162657449,0.157905075,0.165725544,0.169968992,0.155704378,0.149341965,0.159056653,0.161625385,0.165718914,0.176660054,0.186938981,0.188559705,0.209750296,0.222077851
IRL,Ireland,CO,0.118062435,0.115415607,0.113940828,0.119095802,0.114302653,0.114250099,0.124012243,0.129419182,0.133514249,0.141862308,0.146294516,0.144780945,0.153501544,0.149520329
IRL,Ireland,OC,0.113463449,0.10925778,0.10245418,0.111954357,0.096540266,0.095150681,0.109917791,0.107263634,0.105067971,0.11728217,0.118159235,0.115848714,0.120671614,0.117968583
ISL,Iceland,NH3,0.950063386,0.946172313,0.947837259,0.950364648,0.952580682,0.954428804,0.954594342,0.954947402,0.948934394,0.95265134,0.955673782,0.953145812,0.953965651,0.952105735
ISL,Iceland,SO2,0.352009012,0.35179806,0.358115657,0.311318269,0.344228551,0.340419777,0.337050946,0.324904953,0.360316965,0.346863256,0.345108255,0.265727453,0.258478533,0.256897991
ISL,Iceland,NOx,0.300317902,0.223036961,0.206701373,0.220174095,0.247460694,0.250472022,0.256373991,0.265798242,0.259872867,0.250206221,0.256624873,0.228421501,0.214735351,0.209328674
ISL,Iceland,PM10,0.220224903,0.1939423,0.18757526,0.188615385,0.188722639,0.201168081,0.1862765,0.174870863,0.177001488,0.175971729,0.173295372,0.151781165,0.146212259,0.143764583
ISL,Iceland,BC,0.266122238,0.160121796,0.120582082,0.146778723,0.132297158,0.139626039,0.12760878,0.120541969,0.130955096,0.128184916,0.123882885,0.110959102,0.105378008,0.103032256
ISL,Iceland,OC,0.249335002,0.174633573,0.174022596,0.206168953,0.223161648,0.219409006,0.216895154,0.206178144,0.230185281,0.231592481,0.232138791,0.197233618,0.184065757,0.179930833
ISL,Iceland,PM2.5,0.201979117,0.176109282,0.170950668,0.176872996,0.17148108,0.181925868,0.167083156,0.152178083,0.156331874,0.156077973,0.153208697,0.133940329,0.128461073,0.125407825
ISL,Iceland,NMVOC,0.191453369,0.185668276,0.188001126,0.193674639,0.20048948,0.200730312,0.20707726,0.198520277,0.196249441,0.205402353,0.210403039,0.200890371,0.19813561,0.195129922
ISL,Iceland,CO,0.153056545,0.154015235,0.161018382,0.161789556,0.174596398,0.194188664,0.173572678,0.170635894,0.176884484,0.173592467,0.169087514,0.142689136,0.140435232,0.138440094
ITA,Italy,NH3,0.918050651,0.919885158,0.917937231,0.916570404,0.916390711,0.914464829,0.920963558,0.919307256,0.91724376,0.91821674,0.916543514,0.920484239,0.917895808,0.917574968
ITA,Italy,OC,0.275493339,0.243967686,0.19330367,0.196689881,0.185487655,0.194450411,0.25040892,0.196972819,0.203614957,0.232356061,0.216468879,0.225297215,0.18498722,0.200694745
ITA,Italy,PM10,0.251344472,0.238059576,0.216241139,0.22053947,0.216033233,0.220642679,0.261235212,0.233135909,0.245702947,0.265069893,0.257682049,0.264684896,0.239347805,0.2497059
ITA,Italy,PM2.5,0.20891528,0.191925431,0.174501608,0.179463107,0.169035784,0.173236838,0.209373111,0.184832045,0.19217319,0.210627231,0.203355399,0.208990567,0.182402492,0.190653769
ITA,Italy,BC,0.149977061,0.143573827,0.135980786,0.136670571,0.12847844,0.132791195,0.14985727,0.138737575,0.139502569,0.14719766,0.145085856,0.147893558,0.13600775,0.137377994
ITA,Italy,NOx,0.152377155,0.151581169,0.154963855,0.159725655,0.156397434,0.154348431,0.154844228,0.15565324,0.155624164,0.155879888,0.15859852,0.158693755,0.156055277,0.155978048
ITA,Italy,NMVOC,0.149700967,0.15026433,0.150103169,0.153400355,0.158199417,0.166692389,0.173827502,0.171087637,0.171032938,0.173036902,0.173393207,0.176694902,0.17400776,0.175166463
ITA,Italy,SO2,0.165706705,0.162812779,0.174289707,0.190167439,0.17430744,0.171495339,0.17614081,0.174688209,0.179361093,0.170111467,0.18882186,0.186524347,0.175097193,0.176414974
ITA,Italy,CO,0.113808806,0.106634009,0.097604901,0.095952821,0.094906837,0.094622649,0.113088738,0.096716868,0.09806963,0.113605863,0.109523434,0.115084228,0.102175482,0.104879478
LTU,Lithuania,NH3,0.904413175,0.893116158,0.885865197,0.897768285,0.893429735,0.893129612,0.893845806,0.89443009,0.895233034,0.89472883,0.906670643,0.906622602,0.900554465,0.895900515
LTU,Lithuania,NOx,0.175519993,0.182442996,0.196897039,0.22414545,0.237339864,0.245442463,0.265061185,0.280443727,0.286709771,0.283611893,0.301082062,0.287997212,0.276514965,0.26168609
LTU,Lithuania,OC,0.213254199,0.160289027,0.218109608,0.22908486,0.249619288,0.215777019,0.24546459,0.304919748,0.303113451,0.343564242,0.392787636,0.373750269,0.379329623,0.325104812
LTU,Lithuania,PM2.5,0.194214605,0.167059998,0.20764852,0.208468216,0.210129884,0.188956801,0.212507508,0.24710425,0.246966,0.273572072,0.296358638,0.27918234,0.279666295,0.246758156
LTU,Lithuania,BC,0.149725673,0.129597767,0.155000067,0.156961103,0.162704295,0.142339898,0.159830935,0.185321055,0.183800405,0.205119114,0.220026055,0.203401972,0.201772566,0.180852145
LTU,Lithuania,SO2,0.176818141,0.195230829,0.213545523,0.194775678,0.162764191,0.171387213,0.203877432,0.197347156,0.219042554,0.227900514,0.223816359,0.221039672,0.216751765,0.213038396
LTU,Lithuania,PM10,0.151078582,0.134202516,0.161841499,0.161316327,0.16412945,0.152045684,0.167192956,0.189518886,0.192475483,0.212264344,0.230394067,0.218979754,0.222020478,0.198958148
LTU,Lithuania,CO,0.157580203,0.139950726,0.168565863,0.176928348,0.188883287,0.172567999,0.194801444,0.239479622,0.239478709,0.274027547,0.310316465,0.297580631,0.291324496,0.2487343
LTU,Lithuania,NMVOC,0.103655371,0.102679446,0.10742434,0.106281108,0.102856447,0.099834879,0.105048967,0.105228488,0.112372467,0.117388072,0.116860009,0.114201922,0.115172078,0.114199097
LVA,Latvia,NH3,0.840353242,0.841972406,0.844790565,0.853140906,0.830927423,0.846669535,0.849224913,0.845238821,0.849970683,0.846268233,0.869211461,0.877198863,0.866623204,0.861534584
LVA,Latvia,SO2,0.230929356,0.254714833,0.253396763,0.244299466,0.218624042,0.274940981,0.304345601,0.317543475,0.301258845,0.330723148,0.323776001,0.30165092,0.29976147,0.283813048
LVA,Latvia,NOx,0.16310773,0.165753556,0.170435052,0.17488781,0.172520803,0.178960505,0.199857472,0.215241408,0.212256815,0.224163845,0.240109242,0.24413495,0.234401037,0.223190348
LVA,Latvia,NMVOC,0.121387463,0.117139884,0.107683042,0.110846736,0.102756564,0.110123447,0.11321105,0.105104972,0.109272237,0.112622131,0.115415819,0.11362004,0.115836293,0.11553659
LVA,Latvia,PM2.5,0.103079972,0.098451102,0.113054278,0.113322781,0.105295005,0.118605948,0.118503407,0.131082272,0.13503624,0.142605485,0.178959353,0.173996611,0.177120356,0.153358825
LVA,Latvia,BC,0.086060075,0.083136143,0.093564695,0.093191789,0.088634915,0.100901367,0.097273599,0.109244695,0.113937138,0.12388183,0.161981456,0.153973055,0.158198287,0.140865123
LVA,Latvia,OC,0.109443603,0.103961593,0.123164335,0.13128159,0.126712439,0.13758675,0.130472957,0.162434258,0.169474489,0.182705416,0.255126586,0.253100822,0.246881452,0.201228221
LVA,Latvia,PM10,0.080728489,0.078956636,0.089709287,0.087924682,0.08387174,0.09718327,0.094778663,0.099850159,0.10609081,0.110093266,0.138307197,0.135255115,0.139310431,0.12338984
LVA,Latvia,CO,0.090629785,0.089496773,0.100377054,0.102666446,0.100335711,0.103869894,0.100278769,0.11316863,0.125607917,0.139584531,0.193192551,0.186726608,0.188285376,0.162501693
MLT,Malta,NH3,0.910926816,0.907816352,0.907599364,0.903192747,0.899256739,0.896781879,0.880438082,0.876888242,0.88642379,0.886388782,0.901789895,0.909499672,0.9097027,0.91843142
MLT,Malta,PM10,0.137396782,0.142277775,0.143647675,0.147309466,0.146161827,0.148447582,0.14353794,0.141618192,0.146834189,0.15416907,0.171191443,0.184461344,0.204996763,0.217195022
MLT,Malta,NMVOC,0.146464021,0.151424628,0.154934533,0.157126631,0.158877011,0.138249252,0.13724984,0.144015468,0.142453108,0.138486892,0.140477496,0.139951876,0.13712357,0.138985234
MLT,Malta,PM2.5,0.109082377,0.113518371,0.112970659,0.113003097,0.11166498,0.117335754,0.115770431,0.114732418,0.116219404,0.121207556,0.120966082,0.122928959,0.11978736,0.124402015
MLT,Malta,OC,0.106863502,0.108143149,0.108029476,0.10922449,0.110825989,0.109680033,0.110357578,0.107248778,0.10864986,0.10948712,0.102603152,0.10472069,0.096644205,0.098672888
MLT,Malta,CO,0.105454064,0.105201982,0.105371128,0.105412532,0.105597925,0.104636711,0.104149717,0.103387029,0.102817315,0.101973245,0.098492179,0.099575142,0.098703201,0.099357801
MLT,Malta,NOx,0.103473639,0.106471783,0.105265916,0.104374696,0.102385137,0.109006799,0.107503897,0.107243733,0.107688465,0.111727272,0.107312463,0.10659764,0.098987851,0.100611524
MLT,Malta,BC,0.095945897,0.097731478,0.096279675,0.095409049,0.095487348,0.098111914,0.098674495,0.097587819,0.096829565,0.099794818,0.092957088,0.090650112,0.083769243,0.084664746
MLT,Malta,SO2,0.101259321,0.106248988,0.104766306,0.102890284,0.100975395,0.112661181,0.111946748,0.110373797,0.112116118,0.116448699,0.114097759,0.114910071,0.09628749,0.096228737
NLD,Netherlands,NH3,0.932978945,0.929537323,0.935118451,0.942528265,0.944914128,0.947816707,0.949230517,0.951003028,0.954188586,0.959634839,0.963100018,0.963324861,0.962077852,0.961095454
NLD,Netherlands,PM10,0.314926185,0.310651894,0.317114409,0.323864593,0.334870134,0.341221689,0.33633838,0.338046246,0.348145657,0.364827301,0.369822781,0.364452814,0.363092125,0.360237946
NLD,Netherlands,PM2.5,0.206199809,0.205760408,0.211984717,0.216781336,0.22283066,0.224716888,0.221651165,0.227694044,0.236007104,0.247328894,0.250788422,0.246024237,0.247569189,0.242187929
NLD,Netherlands,NMVOC,0.216364877,0.246346755,0.229634102,0.224385529,0.229638573,0.219615624,0.227815956,0.212188501,0.242493902,0.241505683,0.251122922,0.237467878,0.23394447,0.230649888
NLD,Netherlands,OC,0.146022068,0.144568701,0.149347142,0.153638875,0.158869202,0.156164741,0.156940221,0.161721912,0.16805499,0.176508787,0.175922093,0.168942179,0.179681826,0.174235212
NLD,Netherlands,NOx,0.163216368,0.161050877,0.165229103,0.165296195,0.167702699,0.16921406,0.171500347,0.174143341,0.176441434,0.183984354,0.189636616,0.189704824,0.187406022,0.185529806
NLD,Netherlands,SO2,0.17645298,0.174771431,0.17372343,0.170760208,0.167661915,0.174244641,0.160823886,0.154678847,0.156823417,0.156798255,0.158073267,0.157287078,0.164568826,0.166813542
NLD,Netherlands,BC,0.108341426,0.109286014,0.112552923,0.112323362,0.113175802,0.112411487,0.11278733,0.11530901,0.115907975,0.120228007,0.122069839,0.12176344,0.124440912,0.122925471
NLD,Netherlands,CO,0.089306609,0.090251251,0.089551868,0.09044527,0.0941282,0.089974312,0.087094404,0.085218144,0.086346999,0.084120362,0.085371415,0.086581067,0.091515544,0.090737542
NOR,Norway,NH3,0.915085694,0.916564444,0.920767693,0.91654403,0.921137374,0.916124032,0.918615156,0.922878551,0.929746627,0.936650191,0.931618429,0.932305657,0.931803902,0.931060487
NOR,Norway,NMVOC,0.172242334,0.168684247,0.167406287,0.169369137,0.169762208,0.159238721,0.162368636,0.16942679,0.164082728,0.159641764,0.157995409,0.158839778,0.1635546,0.162710142
NOR,Norway,SO2,0.130379036,0.133422305,0.130015145,0.128816401,0.136166793,0.107810378,0.10437814,0.100284554,0.096240466,0.095352337,0.09676946,0.093288277,0.112689178,0.112550738
NOR,Norway,NOx,0.125350669,0.125483038,0.124634966,0.124592766,0.122472601,0.110649013,0.10970466,0.109707984,0.111269115,0.112361532,0.114530491,0.114026708,0.123689676,0.122287465
NOR,Norway,PM10,0.11944531,0.125504979,0.13057666,0.130180996,0.137012325,0.128173537,0.131579643,0.130449851,0.128975469,0.13441112,0.131993315,0.128442643,0.139657914,0.133566985
NOR,Norway,PM2.5,0.104995339,0.109261296,0.109905048,0.110007167,0.112892622,0.110552003,0.113139266,0.107647774,0.103919506,0.106017611,0.105061034,0.103549065,0.111666563,0.106471701
NOR,Norway,BC,0.091755547,0.093060779,0.092445318,0.092285858,0.092226962,0.084783583,0.084987446,0.082478353,0.082132661,0.083544138,0.083636149,0.083261044,0.086859698,0.083153956
NOR,Norway,CO,0.105846878,0.105774758,0.107410257,0.106375456,0.104299531,0.098185256,0.096492294,0.092699706,0.098830135,0.101678562,0.100532179,0.091584884,0.093389035,0.089820457
NOR,Norway,OC,0.069321481,0.068202808,0.071169464,0.073277859,0.068216643,0.060255005,0.061931716,0.058539004,0.059259479,0.068067672,0.069184357,0.066174324,0.06879763,0.053656797
POL,Poland,NH3,0.942388753,0.938583095,0.937575127,0.932357442,0.932339102,0.93247575,0.928581552,0.9239429,0.921591597,0.922998997,0.922294581,0.922741287,0.922880086,0.920850863
POL,Poland,OC,0.29811366,0.279006514,0.292446703,0.291324181,0.289681085,0.271696089,0.282721448,0.280703993,0.283480333,0.306638381,0.289918786,0.292272453,0.296663003,0.285905176
POL,Poland,PM2.5,0.27369437,0.260493024,0.271401005,0.265319434,0.264193836,0.253582437,0.259714861,0.255397162,0.258365642,0.275262888,0.264548954,0.270147861,0.273139629,0.267163512
POL,Poland,PM10,0.272477221,0.264885975,0.272376537,0.264013671,0.264906421,0.262263428,0.262161615,0.253923731,0.255518874,0.272375293,0.267074006,0.273029535,0.276087253,0.27429909
POL,Poland,CO,0.206126593,0.194857624,0.204417419,0.206749077,0.217559793,0.206239891,0.215183059,0.216190914,0.219138316,0.232247726,0.218845662,0.223485099,0.228236534,0.218573493
POL,Poland,BC,0.212610953,0.199063264,0.204694801,0.201174014,0.201529746,0.192429736,0.200461201,0.203599592,0.206009565,0.220971766,0.210757657,0.213020289,0.213043341,0.205163184
POL,Poland,NMVOC,0.183920747,0.181445838,0.187863566,0.184027428,0.187486809,0.193421861,0.192142208,0.187984981,0.187398163,0.18682289,0.183188347,0.188222807,0.191210239,0.192204948
POL,Poland,NOx,0.190880056,0.185697374,0.194240978,0.192507478,0.199603881,0.19598843,0.200059127,0.205668159,0.206530459,0.211974668,0.208499421,0.209794159,0.206279361,0.202022749
POL,Poland,SO2,0.15503107,0.140440454,0.144590739,0.145382152,0.147212308,0.145046661,0.149799231,0.149627137,0.147407204,0.151977484,0.147432278,0.151068988,0.155599533,0.157020358
PRT,Portugal,NH3,0.893281014,0.903211607,0.906507958,0.917879571,0.916441523,0.920643414,0.931865908,0.926489285,0.926389414,0.936103307,0.935797045,0.922843989,0.885398012,0.935992244
PRT,Portugal,PM10,0.186015055,0.250953726,0.267605494,0.271047695,0.258225935,0.274482749,0.298339131,0.220414843,0.211790315,0.256816894,0.235212662,0.173176012,0.087292812,0.226084428
PRT,Portugal,SO2,0.203319882,0.225195185,0.223828554,0.22802497,0.222384556,0.246152691,0.247538017,0.219373,0.219006351,0.241912545,0.229227825,0.223227008,0.206918562,0.221181972
PRT,Portugal,PM2.5,0.159670134,0.218341959,0.235125376,0.235738978,0.224473564,0.236554369,0.259984967,0.172841524,0.166368939,0.206737068,0.185377259,0.13775691,0.067885039,0.177502021
PRT,Portugal,NOx,0.171659373,0.180368587,0.180889683,0.179390005,0.175160783,0.181946686,0.184994819,0.170902849,0.171328074,0.180350592,0.179705362,0.175055506,0.160929656,0.174814546
PRT,Portugal,BC,0.131414261,0.150164794,0.153272586,0.152538064,0.147793146,0.161938467,0.172169614,0.135735417,0.135011497,0.149645282,0.148118787,0.132481335,0.087143826,0.134732003
PRT,Portugal,NMVOC,0.178910578,0.221329161,0.225164699,0.182408397,0.182375048,0.194084092,0.195808487,0.183483318,0.179759265,0.186043023,0.181957828,0.173248114,0.138937368,0.183004878
PRT,Portugal,OC,0.05605358,0.106134694,0.124242307,0.123855961,0.111021181,0.116559288,0.147054489,0.097728486,0.086731881,0.125593454,0.100474303,0.045787893,0.016099377,0.088042231
PRT,Portugal,CO,0.066846718,0.081435287,0.088451594,0.084891708,0.078876488,0.089677491,0.097703579,0.079488945,0.07542777,0.088286929,0.082360684,0.061278314,0.031918883,0.07741921
ROU,Romania,NH3,0.937766332,0.94243596,0.943896054,0.936801391,0.935427404,0.93482732,0.937207673,0.933985263,0.937489839,0.937163249,0.941586604,0.941721668,0.940007893,0.940036103
ROU,Romania,OC,0.274281076,0.243734893,0.165969303,0.22165542,0.201058667,0.210934686,0.248471962,0.188807161,0.273536005,0.278207667,0.271225086,0.286185522,0.310662637,0.343047397
ROU,Romania,NMVOC,0.220399323,0.205394675,0.218948796,0.209670436,0.22291528,0.227042418,0.226715836,0.218619522,0.240783244,0.240825116,0.240443,0.24531929,0.24606418,0.250016846
ROU,Romania,PM2.5,0.200918436,0.180409842,0.140007718,0.16828031,0.159829165,0.163507539,0.184673643,0.155131186,0.21292569,0.214162386,0.206288308,0.216222801,0.236029064,0.257300656
ROU,Romania,BC,0.158224622,0.143194434,0.113454606,0.13510734,0.125232004,0.128750825,0.151871213,0.123149037,0.168744979,0.170058563,0.165327092,0.173277554,0.192348015,0.207247005
ROU,Romania,PM10,0.164144221,0.152535653,0.129525885,0.136686591,0.13314811,0.133277542,0.149686285,0.130428158,0.169422385,0.167446841,0.163014037,0.169649785,0.181133985,0.193572499
ROU,Romania,NOx,0.163435987,0.14946862,0.148846402,0.159981096,0.165984051,0.175040451,0.184639342,0.200770556,0.207549237,0.217545143,0.207037249,0.2112388,0.21343793,0.215118592
ROU,Romania,CO,0.138760245,0.127416786,0.097291025,0.124362007,0.119215236,0.121924216,0.142273971,0.116658642,0.160196318,0.158635086,0.158116936,0.164639957,0.182717037,0.194993982
ROU,Romania,SO2,0.073084659,0.067496357,0.067723587,0.070828135,0.070709137,0.07263576,0.070243862,0.08314387,0.085719733,0.085018202,0.086524051,0.091909267,0.091269118,0.093165745
RUS,Russian Federation,NH3,0.919093347,0.898669662,0.91851725,0.863200605,0.910503175,0.895096838,0.893901814,0.882865427,0.921745733,0.889104023,0.91894574,0.894338798,0.915674712,0.894507571
RUS,Russian Federation,NMVOC,0.123296373,0.116501101,0.126488237,0.107928452,0.123541139,0.114674021,0.117876097,0.108917391,0.12353896,0.114725207,0.12320921,0.114133881,0.122538314,0.113122902
RUS,Russian Federation,NOx,0.106849982,0.105530215,0.109125719,0.109059743,0.114569408,0.108019546,0.111044498,0.103136715,0.108420108,0.107461286,0.111703112,0.112175445,0.117206325,0.111595895
RUS,Russian Federation,BC,0.141051283,0.121947336,0.155180191,0.102433522,0.150304729,0.100202625,0.127720301,0.093013928,0.15491934,0.121979727,0.15979599,0.133558821,0.181223573,0.128828086
RUS,Russian Federation,SO2,0.086952885,0.085727724,0.091906918,0.091995486,0.093958661,0.093130297,0.093040378,0.081868159,0.083762897,0.087157563,0.082437224,0.082789566,0.085326266,0.081596332
RUS,Russian Federation,CO,0.10914322,0.095705598,0.121078019,0.083227025,0.121475555,0.085415416,0.103858914,0.079368019,0.129578946,0.101759005,0.137741992,0.113641123,0.153329786,0.109663611
RUS,Russian Federation,PM10,0.096579676,0.076739417,0.112448194,0.056040468,0.099833639,0.06800174,0.080497462,0.059982289,0.113935879,0.074631711,0.117619325,0.084577234,0.125057973,0.082325831
RUS,Russian Federation,PM2.5,0.093391409,0.074088881,0.10878538,0.055213137,0.097109503,0.062134581,0.078216769,0.055104486,0.109958101,0.072207086,0.114401696,0.082055094,0.124485888,0.078614671
RUS,Russian Federation,OC,0.091022175,0.065026045,0.109364267,0.047036236,0.092194837,0.052947197,0.070656492,0.047287397,0.119331993,0.067970476,0.127422787,0.077719683,0.13313288,0.074274391
SVK,Slovakia,NH3,0.957701603,0.95846779,0.953673287,0.950485643,0.941600268,0.943629783,0.941102782,0.940392677,0.944095607,0.944308548,0.942219119,0.944029347,0.94172189,0.942635978
SVK,Slovakia,OC,0.513944793,0.47600352,0.42080426,0.48345688,0.390655609,0.396606048,0.426342807,0.47704919,0.516786231,0.56270158,0.539303353,0.605748175,0.508680573,0.518641135
SVK,Slovakia,PM2.5,0.290623576,0.258488117,0.238146178,0.260152062,0.226408061,0.217853771,0.232195799,0.228604612,0.253480846,0.289808834,0.28289892,0.327020115,0.287806751,0.302460057
SVK,Slovakia,PM10,0.252828847,0.227065436,0.209898915,0.225300727,0.202913554,0.198998553,0.210898726,0.20652959,0.222939284,0.252790966,0.251001177,0.283400934,0.251149633,0.2632718
SVK,Slovakia,BC,0.258806325,0.233565769,0.21842079,0.249737914,0.226907765,0.202600012,0.222901024,0.22026474,0.240804653,0.278835837,0.275463989,0.29854938,0.255278024,0.268529319
SVK,Slovakia,NMVOC,0.16715727,0.164672085,0.159922729,0.16241255,0.151841476,0.149901208,0.151185963,0.148932735,0.150515643,0.157478691,0.157299608,0.163624017,0.156356009,0.160491361
SVK,Slovakia,NOx,0.139805342,0.140765882,0.142541374,0.147469801,0.152815385,0.149073634,0.149022935,0.145253678,0.15514992,0.166343388,0.166301635,0.174399038,0.164402528,0.169202359
SVK,Slovakia,CO,0.142686277,0.125422154,0.123478087,0.148747732,0.139523552,0.116140011,0.141225887,0.131323416,0.136558204,0.160577493,0.159168005,0.172968803,0.145629876,0.153536009
SVK,Slovakia,SO2,0.113809343,0.111783081,0.113082372,0.121442626,0.120094079,0.110136614,0.104650689,0.096407446,0.109644461,0.119395139,0.126148505,0.138095073,0.135784673,0.140110201
SVN,Slovenia,NH3,0.933177347,0.927746496,0.921147679,0.915211076,0.902228553,0.892805141,0.881729642,0.885891357,0.88701097,0.899120252,0.894631081,0.893189134,0.896930427,0.897439265
SVN,Slovenia,NMVOC,0.168543099,0.169095568,0.173944402,0.175692325,0.159974461,0.166996638,0.16800057,0.164983544,0.172596801,0.1951664,0.192955213,0.194082848,0.199184728,0.202131947
SVN,Slovenia,NOx,0.164562915,0.165613411,0.15965354,0.150253278,0.15292177,0.1468844,0.149152801,0.150318764,0.155219218,0.163599607,0.166931043,0.162691225,0.164385915,0.165515129
SVN,Slovenia,PM10,0.106141695,0.100986985,0.092734176,0.092629229,0.067372762,0.066152493,0.071012402,0.072986656,0.069472616,0.083441995,0.075744832,0.073738752,0.077376912,0.077794344
SVN,Slovenia,PM2.5,0.130157974,0.120024703,0.107664739,0.108612402,0.080590573,0.077723325,0.082040013,0.086067692,0.081174381,0.101892733,0.091343072,0.088738218,0.092051282,0.09306244
SVN,Slovenia,SO2,0.167804534,0.174076896,0.162481367,0.153129055,0.137612398,0.130190957,0.137994226,0.139693761,0.146660401,0.161103059,0.151261788,0.143079385,0.148975088,0.150401478
SVN,Slovenia,OC,0.107514465,0.092353337,0.090095427,0.09460402,0.063197483,0.065010518,0.059391214,0.06391748,0.057978137,0.08422393,0.075451071,0.073578864,0.070878083,0.071054975
SVN,Slovenia,BC,0.112443905,0.106006982,0.091655461,0.092819411,0.069711785,0.068874771,0.070639497,0.072450057,0.069417984,0.085981253,0.078530399,0.075579546,0.077180161,0.07806522
SVN,Slovenia,CO,0.099945649,0.097452618,0.096357896,0.096223739,0.07298761,0.0691784,0.066749558,0.066650085,0.059897153,0.072150642,0.064779486,0.062760195,0.063730944,0.062729915
SWE,Sweden,NH3,0.885840355,0.880698748,0.884119533,0.880827897,0.880827302,0.878814108,0.868720437,0.870702798,0.877272171,0.877748,0.886849308,0.887178272,0.883375488,0.884604921
SWE,Sweden,BC,0.270143103,0.277538143,0.276111196,0.279404672,0.278551415,0.280275179,0.254513934,0.264103486,0.264870518,0.272755857,0.289270137,0.286952688,0.290977547,0.286327224
SWE,Sweden,PM2.5,0.261596237,0.265941857,0.263983714,0.268948683,0.274947536,0.264325065,0.246577764,0.256531419,0.255455188,0.247481969,0.282591529,0.280254561,0.284001988,0.266369936
SWE,Sweden,OC,0.324123689,0.310519599,0.329674389,0.338489714,0.34675978,0.325791534,0.227740124,0.249305589,0.234366275,0.18686628,0.276033961,0.262639781,0.272012455,0.202281674
SWE,Sweden,PM10,0.259706017,0.259135447,0.256841608,0.259188632,0.266915533,0.257406273,0.237105385,0.24550181,0.245822378,0.240632877,0.272263375,0.271112657,0.273766074,0.260513441
SWE,Sweden,SO2,0.254997337,0.270995667,0.263986219,0.267034581,0.259861955,0.254609511,0.257254579,0.269379374,0.271998362,0.283884945,0.298668917,0.298194546,0.305467237,0.306569784
SWE,Sweden,NOx,0.180704123,0.189321429,0.193485731,0.197083766,0.199772102,0.197736711,0.20375867,0.211028509,0.214112316,0.223304771,0.242958722,0.238371843,0.237417032,0.2377534
SWE,Sweden,NMVOC,0.191913747,0.203204293,0.209579433,0.212881094,0.211339838,0.213279846,0.189453453,0.196108876,0.190962046,0.192494041,0.202273675,0.200989081,0.202062988,0.20018741
SWE,Sweden,CO,0.16739058,0.169472942,0.172790462,0.181504096,0.188529644,0.191711789,0.136101651,0.155615677,0.138979986,0.148592036,0.163375304,0.15787294,0.162107453,0.152164685
UKR,Ukraine,NH3,0.962364995,0.959444706,0.943120806,0.940317732,0.938615648,0.940245264,0.941818189,0.940673285,0.942577284,0.938323163,0.934561074,0.932574253,0.924652303,0.923462472
UKR,Ukraine,OC,0.543707786,0.46119149,0.411063732,0.542695436,0.439552231,0.449370368,0.548745132,0.468993596,0.51110684,0.438018485,0.408867215,0.610635265,0.572586603,0.522990685
UKR,Ukraine,PM10,0.328186627,0.261149727,0.226545389,0.292539812,0.276964718,0.280712809,0.321484305,0.283264705,0.317715674,0.290209074,0.292856168,0.349441376,0.334924865,0.321496619
UKR,Ukraine,PM2.5,0.332351209,0.260613719,0.23074704,0.323308093,0.303830118,0.303041147,0.357488283,0.305960471,0.352326769,0.312828947,0.322852364,0.415375879,0.399718206,0.382715568
UKR,Ukraine,BC,0.312848037,0.256464013,0.244490666,0.335947191,0.330698751,0.306950022,0.350401575,0.306903145,0.350949074,0.341368452,0.345544145,0.375389719,0.355089881,0.355190804
UKR,Ukraine,NMVOC,0.164901531,0.14167515,0.137385423,0.145997275,0.146852819,0.147762536,0.153254377,0.148082284,0.154146419,0.15690751,0.160276942,0.160630161,0.160535211,0.164624537
UKR,Ukraine,CO,0.188068971,0.150807546,0.128984257,0.186545766,0.199806389,0.181963171,0.209428999,0.189245586,0.22866615,0.244568125,0.262731428,0.281239682,0.287572372,0.285744945
UKR,Ukraine,NOx,0.12950199,0.120692987,0.119973247,0.131382475,0.132179593,0.129209731,0.14079268,0.135353363,0.144519163,0.145951164,0.164191998,0.170097324,0.170666719,0.170988972
UKR,Ukraine,SO2,0.096671879,0.060853873,0.064076758,0.067093898,0.06715327,0.071496248,0.075993504,0.069974763,0.073270776,0.070859106,0.078493357,0.078063479,0.079374773,0.078309229
